Task ID,Job ID,Arrival min,Arrival max,Cost min,Cost max,Deadline,Priority
4,1,0,0,0,173.3253340096449,2000,0
4,2,2000,2000,0,173.3253340096449,4000,0
4,3,4000,4000,0,173.3253340096449,6000,0
4,4,6000,6000,0,173.3253340096449,8000,0
4,5,8000,8000,0,173.3253340096449,10000,0
3,1,0,0,0,6889.019181796232,10000,1
